{
    "tasks": [
        {
            "id": 0,
            "name": "Laundry",
            "time": "Two Hours",
            "description": "I need to wash the clothes",
            "items": "Detergent"
        },
        {
            "id": 1,
            "name": "Dishes",
            "time": "Thirty Minutes",
            "description": "I need to clean the dishes",
            "items": "Dish Detergent"
        },
        {
            "id": 2,
            "name": "Gutters",
            "time": "Four Hours",
            "description": "I need to clean out the gutters",
            "items": "Rake"
        }

    ]
}